Domain,Status,Attractiveness,Demand,Length,Sectors,Created,Expires,Registrar
one.family,expired,132,43%,3,"Business,General,Media,Technology",21/06/2024 06:02,21/06/2025 06:02,Porkbun LLC
brief.family,available,124,19%,5,"Business,Education,General,Law",,,
complete.family,available,120,21%,8,"Manufacturing,Retail,Technology",,,
second.family,available,120,23%,6,"General,Mathematics",,,
wizard.family,available,118,42%,6,"Entertainment,Media,Technology",,,
tenth.family,available,116,7%,5,Mathematics,,,
equal.family,available,116,19%,5,"Education,General,Law",,,
flat.family,available,116,23%,4,"Construction,Real Estate",,,
tonic.family,available,114,22%,5,"Health and Fitness,Medicine,Science",,,
acute.family,available,112,9%,5,"Mathematics,Medicine,Science",,,
hotshot.family,available,112,14%,7,"Business,Entertainment,Sports",,,
above.family,available,112,22%,5,Business,,,
zero.family,available,112,49%,4,Mathematics,,,
abstract.family,available,108,29%,8,"Arts,Humanities,Science",,,
abiding.family,available,106,5%,7,"General,Religion",,,
active.family,available,104,27%,6,"Health and Fitness,Sports,Travel",,,
teen.family,available,104,14%,4,"Education,Entertainment,Healthcare",,,
expert.family,available,104,26%,6,"Business,Education,Technology",,,
captive.family,available,102,14%,7,"Entertainment,Hospitality,Technology",,,
eight.family,available,102,23%,5,"General,Mathematics",,,
extra.family,available,102,26%,5,"Fashion,Retail,Technology",,,
absent.family,available,102,8%,6,"Business,Education,Technology",,,
ninth.family,available,100,9%,5,Mathematics,,,
remove.family,available,100,13%,6,"Construction,Manufacturing,Technology",,,
crack.family,available,100,20%,5,Sports,,,
adjunct.family,available,100,5%,7,Education,,,
whiz.family,available,100,12%,4,"Business,Education,Technology",,,
abrupt.family,available,100,3%,6,"Medicine,Science",,,
sixth.family,available,100,8%,5,Mathematics,,,
third.family,available,100,15%,5,Mathematics,,,
eighth.family,available,100,6%,6,Mathematics,,,
genius.family,available,98,46%,6,"Arts,Education,Technology",,,
whizz.family,available,98,11%,5,"Business,Education,Technology",,,
academic.family,available,96,20%,8,"Education,Humanities,Science",,,
forgiving.family,available,96,3%,9,"Healthcare,Religion",,,
doable.family,available,96,9%,6,"Business,Education,Technology",,,
alamode.family,available,96,12%,9,Fashion,,,
actual.family,available,96,22%,6,"Real Estate,Retail,Technology",,,
about.family,available,94,28%,5,"Business,General,Media,Technology",,,
around.family,available,94,22%,6,"Business,General,Media,Technology",,,
virtuoso.family,available,94,16%,8,"Arts,Entertainment",,,
abject.family,available,94,7%,6,Humanities,,,
adequate.family,available,94,9%,8,"Education,Healthcare,Technology",,,
exemplary.family,available,92,5%,9,"Business,Education,Healthcare",,,
adjective.family,available,92,5%,9,Education,,,
neutral.family,available,92,20%,7,"Business,Media,Politics",,,
derelict.family,available,92,7%,8,"Construction,Real Estate",,,
abroad.family,available,92,12%,6,"Hospitality,Travel",,,
nought.family,available,92,4%,6,Mathematics,,,
adept.family,expiring,92,24%,5,"Education,Health and Fitness,Sports",05/09/2024 21:09,05/09/2025 21:09,"NameCheap, Inc."
twentieth.family,available,92,3%,9,Mathematics,,,
endearing.family,available,90,1%,9,"Entertainment,Fashion,Retail",,,
additional.family,available,90,8%,10,"Fashion,Retail,Technology",,,
leash.family,available,90,7%,5,"General,Health and Fitness,Retail",,,
abortive.family,available,90,1%,8,"Medicine,Science",,,
adoring.family,available,90,2%,7,"Entertainment,Fashion,Retail",,,
addictive.family,available,90,9%,9,Healthcare,,,
gripping.family,available,90,3%,8,"Entertainment,Media,Technology",,,
riveting.family,available,90,6%,8,"Entertainment,Media,Technology",,,
twelve.family,expiring,88,18%,6,"General,Mathematics",23/09/2024 16:24,23/09/2025 16:24,"NameCheap, Inc."
three.family,resell,88,23%,5,Mathematics,29/09/2016 23:21,29/09/2026 23:21,"GoDaddy.com, LLC"
proficient.family,available,88,8%,10,"Education,Health and Fitness,Sports",,,
activist.family,available,88,12%,8,"Humanities,Politics",,,
adlib.family,available,88,7%,6,Entertainment,,,
hundred.family,available,88,13%,7,Mathematics,,,
eleven.family,available,88,32%,6,Mathematics,,,
actionable.family,available,88,13%,10,"Business,Law",,,
fifteen.family,available,88,13%,7,Mathematics,,,
sixteen.family,available,88,10%,7,Mathematics,,,
wide.family,available,88,18%,4,"Business,Media,Technology",,,
ten.family,available,88,27%,3,"General,Mathematics",,,
xiv.family,available,86,12%,3,Mathematics,,,
xix.family,available,86,10%,3,Mathematics,,,
recondite.family,available,86,4%,9,"Arts,Humanities,Science",,,
engrossing.family,available,86,0%,10,"Entertainment,Media,Technology",,,
cipher.family,available,86,29%,6,Mathematics,,,
attendant.family,available,86,5%,9,"Healthcare,Hospitality,Transportation",,,
intent.family,available,86,25%,6,"Business,Education,Technology",,,
extempore.family,available,86,3%,9,Entertainment,,,
adolescent.family,available,86,3%,10,"Education,Entertainment,Healthcare",,,
aboriginal.family,available,86,10%,10,Humanities,,,
accessory.family,available,84,8%,9,"Fashion,Retail,Technology",,,
twentyone.family,available,84,13%,10,Mathematics,,,
twentytwo.family,available,84,10%,10,Mathematics,,,
adjustable.family,available,84,3%,10,"Manufacturing,Retail,Technology",,,
seventeen.family,available,84,7%,9,Mathematics,,,
deviate.family,available,84,12%,7,"Medicine,Science",,,
fourteen.family,available,84,8%,8,Mathematics,,,
nineteen.family,available,84,8%,8,Mathematics,,,
thousand.family,available,84,8%,8,Mathematics,,,
acting.family,available,84,12%,6,Entertainment,,,
thirteen.family,available,84,10%,8,Mathematics,,,
decade.family,available,82,10%,6,Mathematics,,,
impromptu.family,available,82,16%,9,Entertainment,,,
dozen.family,available,82,10%,5,Mathematics,,,
abenaki.family,available,82,2%,7,Geography,,,
fivesome.family,available,82,1%,8,Sports,,,
altered.family,available,82,9%,7,"Medicine,Science",,,
abkhaz.family,available,82,1%,6,Geography,,,
absorbent.family,available,82,3%,9,"Healthcare,Manufacturing,Retail",,,
abdominal.family,available,82,1%,9,"Health and Fitness,Medicine",,,
cleansing.family,available,82,3%,9,Health and Fitness,,,
abroach.family,available,82,1%,7,Food and Beverage,,,
seventh.family,available,80,10%,7,Mathematics,,,
absolute.family,available,80,25%,8,"Engineering,Mathematics,Science",,,
worshipful.family,available,80,1%,10,"Education,Healthcare,Religion",,,
forty.family,available,80,9%,5,Mathematics,,,
adoptable.family,available,80,3%,9,"Education,Healthcare",,,
sequent.family,available,80,7%,7,"Healthcare,Insurance,Transportation",,,
absorbable.family,available,80,0%,10,"Healthcare,Pharmaceuticals,Science",,,
capable.family,available,80,12%,7,"Business,Education,Technology",,,
first.family,available,80,34%,5,"General,Mathematics",,,
dorsal.family,available,80,6%,6,"Medicine,Science",,,
twenty.family,available,80,12%,6,Mathematics,,,
some.family,available,80,32%,4,"Business,Media,Retail",,,
abundant.family,available,80,19%,8,"Agriculture,Manufacturing,Retail",,,
two.family,expired,80,23%,3,Mathematics,22/06/2024 22:53,22/06/2025 22:53,CSL Computer Service Langenbach GmbH d/b/a Joker.com
wiz.family,available,80,30%,3,"Business,Education,Technology",,,
adrenal.family,available,78,4%,7,"Education,Healthcare,Science",,,
dormant.family,available,78,4%,7,"Medicine,Science",,,
recognised.family,available,78,3%,10,"Business,Education,Technology",,,
accidental.family,available,78,11%,10,"Healthcare,Insurance,Transportation",,,
adorable.family,available,78,8%,8,"Entertainment,Fashion,Retail",,,
accepted.family,available,78,6%,8,"Business,Education,Technology",,,
sixtynine.family,available,78,8%,10,Mathematics,,,
recognized.family,available,78,3%,10,"Business,Education,Technology",,,
acceptant.family,available,78,1%,9,"Education,Healthcare",,,
abkhazian.family,available,78,1%,9,Geography,,,
abounding.family,available,78,2%,9,Agriculture,,,
low.family,available,78,20%,3,"Business,Finance",,,
athletic.family,available,78,15%,8,"Health and Fitness,Sports",,,
abkhasian.family,available,78,1%,9,Geography,,,
honestly.family,available,78,9%,8,"Business,Law",,,
absorptive.family,available,78,1%,10,"Healthcare,Manufacturing,Retail",,,
twentysix.family,available,78,8%,10,Mathematics,,,
adjacent.family,available,78,9%,8,"Construction,Real Estate,Retail",,,
accessible.family,available,78,21%,10,"Healthcare,Retail,Technology",,,
acceptable.family,available,78,5%,10,"Business,Hospitality,Retail",,,
energizing.family,available,76,3%,10,"Food and Beverage,Health and Fitness,Travel",,,
fifteenth.family,available,76,2%,9,Mathematics,,,
thousandth.family,available,76,1%,10,Mathematics,,,
auxiliary.family,available,76,7%,9,"Healthcare,Manufacturing,Technology",,,
adaptive.family,available,76,28%,8,"Business,Education,Technology",,,
ancillary.family,available,76,6%,9,"Healthcare,Manufacturing,Technology",,,
threed.family,available,76,7%,7,Technology,,,
eighteen.family,available,76,7%,8,Mathematics,,,
firstrate.family,available,76,6%,10,Business,,,
nineteenth.family,available,76,3%,10,Mathematics,,,
obscene.family,available,76,5%,7,"Entertainment,Media",,,
addable.family,available,76,2%,7,"Engineering,Mathematics,Science",,,
abrasive.family,available,76,6%,8,"Construction,Manufacturing",,,
hundredth.family,available,76,1%,9,Mathematics,,,
incidental.family,available,76,4%,10,"Healthcare,Insurance,Transportation",,,
ague.family,available,76,2%,4,"Geography,Medicine,Science",,,
thirteenth.family,available,76,3%,10,Mathematics,,,
adipose.family,available,76,2%,7,"Healthcare,Science",,,
ventral.family,available,76,3%,7,Science,,,
adherent.family,available,76,4%,8,"Politics,Religion",,,
fourteenth.family,available,76,2%,10,Mathematics,,,
resultant.family,available,76,2%,9,"Healthcare,Insurance,Transportation",,,
acoustic.family,available,76,14%,8,Science,,,
adaptable.family,available,76,9%,9,"Business,Education,Technology",,,
adhesive.family,available,76,7%,8,"Construction,Manufacturing,Technology",,,
improvise.family,available,76,4%,9,Entertainment,,,
skilful.family,available,74,3%,7,"Education,Health and Fitness,Sports",,,
sensation.family,available,74,7%,9,"Entertainment,Media,Sports",,,
adenoid.family,available,74,1%,7,"Health and Fitness,Medicine,Science",,,
adapted.family,available,74,6%,7,"Healthcare,Manufacturing,Technology",,,
realizable.family,available,74,1%,10,"Business,Education,Technology",,,
mavin.family,available,74,7%,5,"Entertainment,Fashion,Technology",,,
aberrant.family,available,74,6%,8,"Medicine,Science",,,
cleared.family,available,74,7%,7,"Healthcare,Law,Transportation",,,
acuate.family,available,74,2%,6,"Engineering,Medicine,Science",,,
manageable.family,available,74,4%,10,"Business,Education,Technology",,,
single.family,available,74,19%,6,Sports,,,
achievable.family,available,74,4%,10,"Business,Education,Technology",,,
admirable.family,available,74,5%,9,"Business,Education,Healthcare",,,
activated.family,available,74,9%,9,"Healthcare,Manufacturing,Technology",,,
adrenergic.family,available,74,1%,10,"Education,Healthcare,Science",,,
accepting.family,available,74,3%,9,"Education,Healthcare",,,
playing.family,available,74,12%,7,Entertainment,,,
seventieth.family,available,72,1%,10,Mathematics,,,
accusative.family,available,72,0%,10,"Humanities,Law",,,
deep.family,available,72,41%,4,"Engineering,Mathematics,Science",,,
improvize.family,available,72,1%,9,Entertainment,,,
ternary.family,available,72,7%,7,Mathematics,,,
abloom.family,available,72,5%,6,Agriculture,,,
sixtieth.family,available,72,1%,8,Mathematics,,,
eightieth.family,available,72,1%,9,Mathematics,,,
addicted.family,available,72,9%,8,Healthcare,,,
adjectival.family,available,72,1%,10,Education,,,
adjunctive.family,available,72,1%,10,"Healthcare,Manufacturing,Technology",,,
trey.family,available,72,13%,4,Sports,,,
ninetieth.family,available,72,1%,9,Mathematics,,,
aching.family,available,72,4%,6,Healthcare,,,
absolutist.family,available,72,1%,10,"Humanities,Law,Politics",,,
absorbed.family,available,72,2%,8,"Entertainment,Media,Technology",,,
abreast.family,available,72,2%,7,"Business,Technology",,,
accustomed.family,available,72,1%,10,"Business,Education,Humanities",,,
existent.family,available,72,3%,8,"Mathematics,Science",,,
adonic.family,available,72,2%,6,"Arts,Education,Entertainment",,,
adiabatic.family,available,72,3%,9,"Engineering,Science",,,
lovely.family,available,72,26%,6,"Entertainment,Fashion,Retail",,,
adaptative.family,available,72,1%,10,"Business,Education,Technology",,,
engrossed.family,available,72,1%,9,"Entertainment,Media,Technology",,,
ablaze.family,available,72,6%,6,Entertainment,,,
offhand.family,available,70,2%,7,Entertainment,,,
lowdown.family,available,70,6%,8,"Entertainment,Media",,,
gymnastic.family,available,70,3%,9,"Entertainment,Sports",,,
admired.family,available,70,5%,7,"Business,Education,Healthcare",,,
adamantine.family,available,70,4%,10,Religion,,,
recumbent.family,available,70,2%,9,"Healthcare,Medicine,Science",,,
accumbent.family,available,70,1%,9,"Healthcare,Medicine,Science",,,
absorbing.family,available,70,3%,9,"Entertainment,Media,Technology",,,
abulic.family,available,70,1%,6,Medicine,,,
practiced.family,available,70,3%,9,"Education,Health and Fitness,Sports",,,
skillful.family,available,70,9%,8,"Education,Health and Fitness,Sports",,,
stillborn.family,available,70,2%,9,"Medicine,Science",,,
miserable.family,available,70,4%,9,Humanities,,,
acuminate.family,available,70,1%,9,"Engineering,Medicine,Science",,,
tiptop.family,available,70,24%,6,Fashion,,,
consequent.family,available,70,3%,10,"Business,Education,General,Technology",,,
abradant.family,available,70,1%,8,"Construction,Manufacturing",,,
adjusted.family,available,70,5%,8,"Manufacturing,Retail,Technology",,,
ane.family,available,68,12%,3,Mathematics,,,
stygian.family,available,68,5%,7,Humanities,,,
ablative.family,available,68,3%,8,Science,,,
vindicated.family,available,68,2%,10,"Humanities,Law,Politics",,,
activating.family,available,68,3%,10,"Healthcare,Manufacturing,Technology",,,
aberdonian.family,available,68,1%,10,Geography,,,
fiftieth.family,available,68,1%,8,Mathematics,,,
achaean.family,available,68,2%,7,Humanities,,,
abkhas.family,available,68,0%,6,Geography,,,
abnaki.family,available,68,1%,6,Geography,,,
aroused.family,available,68,3%,7,"Entertainment,Health and Fitness",,,
abducent.family,available,68,0%,8,Medicine,,,
accredited.family,available,68,9%,10,"Business,Education,Healthcare",,,
decorated.family,available,68,3%,9,"Entertainment,Fashion,Retail",,,
fortieth.family,available,68,1%,8,Mathematics,,,
scurvy.family,available,68,3%,6,Humanities,,,
foursome.family,available,68,4%,8,Sports,,,
thirtieth.family,available,68,1%,9,Mathematics,,,
licensed.family,available,68,5%,8,"Business,Healthcare,Insurance",,,
septenary.family,available,68,2%,9,Mathematics,,,
threesome.family,available,68,5%,9,Entertainment,,,
aculeate.family,available,68,1%,8,"Engineering,Medicine,Science",,,
octonary.family,available,68,1%,8,Mathematics,,,
achaian.family,available,68,2%,7,Humanities,,,
acerate.family,available,68,1%,7,Science,,,
licenced.family,available,68,2%,8,"Business,Healthcare,Insurance",,,
sevener.family,available,68,1%,7,Mathematics,,,
overseas.family,available,68,12%,8,"Hospitality,Travel",,,
ennead.family,available,68,5%,6,Mathematics,,,
xii.family,available,66,10%,3,Mathematics,,,
acervate.family,available,66,1%,8,Science,,,
adopted.family,available,66,4%,7,"Education,Healthcare",,,
acappella.family,available,66,6%,10,Entertainment,,,
performing.family,available,66,6%,10,Entertainment,,,
xvi.family,available,66,4%,3,Mathematics,,,
xxv.family,available,66,6%,3,Mathematics,,,
accessary.family,available,66,1%,9,"Business,Law,Technology",,,
xvii.family,available,66,5%,4,Mathematics,,,
thirty.family,available,66,7%,6,Mathematics,,,
xxvi.family,available,66,3%,4,Mathematics,,,
adorned.family,available,66,5%,7,"Entertainment,Fashion,Retail",,,
century.family,available,66,17%,7,Education,,,
xxii.family,available,66,6%,4,Mathematics,,,
acrobatic.family,available,66,4%,9,"Entertainment,Sports",,,
onec.family,available,66,6%,5,Mathematics,,,
xviii.family,available,66,4%,5,Mathematics,,,
eighty.family,available,66,6%,6,Mathematics,,,
six.family,available,66,26%,3,Mathematics,,,
xxi.family,available,66,10%,3,Mathematics,,,
abstinent.family,available,66,1%,9,"Health and Fitness,Religion",,,
modish.family,available,66,5%,6,Fashion,,,
five.family,available,66,26%,4,Mathematics,,,
teenager.family,available,66,4%,8,"Education,Entertainment,Healthcare",,,
ninety.family,available,66,11%,6,Mathematics,,,
xiii.family,available,66,9%,4,Mathematics,,,
latest.family,available,66,18%,6,Technology,,,
according.family,available,66,3%,9,"Business,Education,Technology",,,
sextet.family,available,66,2%,6,Entertainment,,,
buzzing.family,available,66,7%,7,"Entertainment,Media,Technology",,,
deuce.family,available,66,8%,5,Sports,,,
exonerated.family,available,66,2%,10,"Humanities,Law,Politics",,,
ccc.family,available,64,38%,3,Mathematics,,,
scatty.family,available,64,1%,6,"Arts,Entertainment,Media",,,
nondrinker.family,available,64,1%,10,"Health and Fitness,Religion",,,
accordant.family,available,64,3%,9,"Arts,Entertainment",,,
astringent.family,available,64,1%,10,"Healthcare,Pharmaceuticals",,,
deviant.family,available,64,12%,7,"Medicine,Science",,,
absolved.family,available,64,1%,8,"Humanities,Law,Religion",,,
rising.family,available,64,18%,6,"Construction,Manufacturing,Real Estate",,,
acentric.family,available,64,2%,8,Science,,,
adagio.family,available,64,14%,6,Entertainment,,,
aflame.family,available,64,3%,6,Entertainment,,,
accusing.family,available,62,1%,8,Law,,,
playacting.family,available,62,1%,10,Entertainment,,,
accrued.family,available,62,2%,7,"Banking,Finance,Insurance",,,
pungent.family,available,62,1%,7,Food and Beverage,,,
chiliad.family,available,62,2%,7,Mathematics,,,
adoptive.family,available,62,1%,8,"Education,Healthcare",,,
aufait.family,available,62,3%,7,"Fashion,Media",,,
roughly.family,available,62,3%,7,"Business,Media,Technology",,,
eleventh.family,available,62,5%,8,Mathematics,,,
aborigine.family,available,62,1%,9,Humanities,,,
quartet.family,available,62,7%,7,"Arts,Entertainment",,,
twodozen.family,available,62,1%,9,Mathematics,,,
wrapped.family,available,62,13%,7,"Fashion,Hospitality,Retail",,,
eighteenth.family,available,62,1%,10,Mathematics,,,
orso.family,available,62,9%,5,"Business,Media,Technology",,,
cumulative.family,available,62,2%,10,"Banking,Finance,Insurance",,,
fortyfour.family,available,62,6%,10,Mathematics,,,
abo.family,available,62,15%,3,Science,,,
admissible.family,available,62,1%,10,"Education,Healthcare,Law",,,
exculpated.family,available,62,1%,10,"Humanities,Law,Politics",,,
adjuvant.family,available,62,5%,8,"Healthcare,Manufacturing,Technology",,,
activistic.family,available,62,1%,10,"Humanities,Politics",,,
troika.family,available,62,8%,6,Politics,,,
acidic.family,available,62,5%,6,"Food and Beverage,Science",,,
ensuant.family,available,62,1%,7,"Healthcare,Insurance,Transportation",,,
sixteenth.family,available,62,1%,9,Mathematics,,,
longdozen.family,available,62,1%,10,Mathematics,,,
nail.family,available,62,16%,4,"Construction,Fashion,General,Retail",,,
xcl.family,available,60,5%,3,Mathematics,,,
abashed.family,available,60,1%,7,Humanities,,,
abstemious.family,available,60,0%,10,"Food and Beverage,Health and Fitness,Hospitality",,,
cxl.family,available,60,7%,3,Mathematics,,,
cxxv.family,available,60,1%,4,Mathematics,,,
idolized.family,available,60,3%,8,"Entertainment,Fashion,Retail",,,
cxlv.family,available,60,2%,4,Mathematics,,,
cxxxv.family,available,60,1%,5,Mathematics,,,
tertiary.family,available,60,4%,8,Education,,,
annexal.family,available,60,1%,7,"Agriculture,Manufacturing,Retail",,,
idolised.family,available,60,1%,8,"Entertainment,Fashion,Retail",,,
cxx.family,available,60,9%,3,Mathematics,,,
cxxx.family,available,60,3%,4,Mathematics,,,
clxx.family,available,60,2%,4,Mathematics,,,
octet.family,available,60,12%,5,Arts,,,
eightysix.family,available,60,7%,10,Mathematics,,,
paunchy.family,available,60,0%,7,"Health and Fitness,Medicine",,,
thou.family,available,60,7%,4,Mathematics,,,
cxv.family,available,60,4%,3,Mathematics,,,
adnexal.family,available,60,1%,7,"Agriculture,Manufacturing,Retail",,,
abstainer.family,available,60,0%,9,"Health and Fitness,Religion",,,
aboveboard.family,available,60,5%,10,"Business,Law",,,
clxxv.family,available,60,1%,5,Mathematics,,,
adnate.family,available,60,1%,6,"Agriculture,Manufacturing,Retail",,,
acceptive.family,available,60,1%,9,"Education,Healthcare",,,
clxv.family,available,60,1%,4,Mathematics,,,
clxxx.family,available,60,1%,5,Mathematics,,,
sixty.family,available,60,13%,5,Mathematics,,,
cautionary.family,available,60,1%,10,"Business,Education,Healthcare",,,
tercet.family,available,59,2%,6,"Arts,Entertainment,Media",,,
closeto.family,available,58,3%,8,"Business,Media,Technology",,,
fourscore.family,available,58,4%,9,Mathematics,,,
lxxx.family,available,58,2%,4,Mathematics,,,
eighter.family,available,58,2%,7,Mathematics,,,
actuarial.family,available,58,8%,9,"Finance,Insurance,Mathematics",,,
accoutred.family,available,58,1%,9,"Fashion,Manufacturing,Retail",,,
super.family,available,58,47%,5,Business,,,
alacarte.family,available,58,11%,10,Food and Beverage,,,
hexad.family,available,58,5%,5,Mathematics,,,
addible.family,available,58,2%,7,"Engineering,Mathematics,Science",,,
octad.family,available,58,5%,5,Mathematics,,,
offhanded.family,available,58,1%,9,Entertainment,,,
abandoned.family,available,58,10%,9,"Construction,Real Estate",,,
ache.family,available,58,7%,4,Healthcare,,,
abuzz.family,available,58,5%,5,"Entertainment,Media,Technology",,,
fourth.family,available,58,13%,6,Mathematics,,,
adjustive.family,available,58,1%,9,"Manufacturing,Retail,Technology",,,
abridged.family,available,58,4%,8,Media,,,
twelfth.family,available,58,2%,7,Mathematics,,,
tetrad.family,available,58,5%,6,Mathematics,,,
sixer.family,available,58,5%,5,Sports,,,
aucourant.family,available,58,3%,10,"Fashion,Media",,,
heptad.family,available,58,2%,6,Mathematics,,,
centesimal.family,available,58,1%,10,Mathematics,,,
niner.family,available,58,5%,5,Mathematics,,,
pentad.family,available,58,3%,6,Mathematics,,,
sextuplet.family,available,58,1%,9,Healthcare,,,
abused.family,available,58,5%,6,"Healthcare,Law",,,
adient.family,available,58,4%,6,"Medicine,Science",,,
enwrapped.family,available,58,0%,9,"Entertainment,Fashion,Media",,,
sixtyone.family,available,58,5%,9,Mathematics,,,
seventy.family,available,58,7%,7,Mathematics,,,
lxxviii.family,available,58,1%,7,Mathematics,,,
accretive.family,available,58,6%,9,"Banking,Finance,Insurance",,,
justabout.family,available,58,3%,10,"Business,Media,Technology",,,
linear.family,available,58,22%,6,"Engineering,Mathematics,Science",,,
fifth.family,available,58,12%,5,Mathematics,,,
quintet.family,available,58,8%,7,"Arts,Entertainment",,,
adhoc.family,available,58,24%,6,"Business,Engineering,Technology",,,
acyclic.family,available,58,4%,7,"Engineering,Mathematics,Science",,,
addressed.family,available,58,3%,9,"Business,Technology,Telecommunications",,,
acetic.family,available,58,1%,6,"Food and Beverage,Science",,,
accented.family,available,58,3%,8,"Arts,Entertainment",,,
appressed.family,available,56,0%,9,"Agriculture,Manufacturing,Retail",,,
ilx.family,available,56,6%,3,Mathematics,,,
maledict.family,available,56,1%,8,Religion,,,
abeyant.family,available,56,1%,7,"Business,Law",,,
admissive.family,available,56,1%,9,"Education,Healthcare,Hospitality",,,
xxxii.family,available,56,1%,5,Mathematics,,,
fiftyfour.family,available,56,4%,10,Mathematics,,,
xliii.family,available,56,1%,5,Mathematics,,,
xli.family,available,56,5%,3,Mathematics,,,
admittible.family,available,56,1%,10,"Education,Healthcare,Hospitality",,,
xxiv.family,available,56,5%,4,Mathematics,,,
xlv.family,available,56,6%,3,Mathematics,,,
abdominous.family,available,56,0%,10,"Health and Fitness,Medicine",,,
fiftysix.family,available,56,4%,9,Mathematics,,,
admittable.family,available,56,1%,10,"Education,Healthcare,Hospitality",,,
terzetto.family,available,56,3%,8,Arts,,,
triad.family,available,56,15%,5,Arts,,,
halfdozen.family,available,56,1%,10,Mathematics,,,
xxix.family,available,56,4%,4,Mathematics,,,
lviii.family,available,56,1%,5,Mathematics,,,
xxxiv.family,available,56,1%,5,Mathematics,,,
xxxiii.family,available,56,2%,6,Mathematics,,,
xlvii.family,available,56,2%,5,Mathematics,,,
thirtytwo.family,available,56,4%,10,Mathematics,,,
fiftyone.family,available,56,8%,9,Mathematics,,,
xxxviii.family,available,56,1%,7,Mathematics,,,
xxxvii.family,available,56,2%,6,Mathematics,,,
xxxi.family,available,56,8%,4,Mathematics,,,
thirtyone.family,available,56,4%,10,Mathematics,,,
fortynine.family,available,56,3%,10,Mathematics,,,
xxxvi.family,available,56,1%,5,Mathematics,,,
xxiii.family,available,56,4%,5,Mathematics,,,
lvii.family,available,56,2%,4,Mathematics,,,
xliv.family,available,56,3%,4,Mathematics,,,
fiftytwo.family,available,56,6%,9,Mathematics,,,
fortyone.family,available,56,5%,9,Mathematics,,,
thirtysix.family,available,56,5%,10,Mathematics,,,
xlvi.family,available,56,3%,4,Mathematics,,,
xlviii.family,available,56,1%,6,Mathematics,,,
liii.family,available,56,4%,4,Mathematics,,,
xxvii.family,available,56,3%,5,Mathematics,,,
fortysix.family,available,56,4%,9,Mathematics,,,
xxviii.family,available,56,1%,6,Mathematics,,,
xxxv.family,available,56,4%,4,Mathematics,,,
fiftynine.family,available,56,4%,10,Mathematics,,,
accoutered.family,available,56,0%,10,"Fashion,Manufacturing,Retail",,,
fortytwo.family,available,56,17%,9,Mathematics,,,
xlii.family,available,56,5%,4,Mathematics,,,
addled.family,available,56,2%,6,Entertainment,,,
potbellied.family,available,56,0%,10,"Health and Fitness,Medicine",,,
lvi.family,available,56,8%,3,Mathematics,,,
fiftyfive.family,available,56,8%,10,Mathematics,,,
abatic.family,available,54,1%,6,Science,,,
vii.family,available,54,13%,3,Mathematics,,,
threescore.family,available,54,2%,10,Mathematics,,,
scratchy.family,available,54,3%,8,Fashion,,,
actuated.family,available,54,2%,8,"Automotive,Manufacturing,Technology",,,
monitory.family,available,54,3%,8,"Business,Education,Healthcare",,,
viii.family,available,54,6%,4,Mathematics,,,
abasic.family,available,54,1%,6,Science,,,
twoscore.family,available,54,2%,8,Mathematics,,,
abhorrent.family,available,54,1%,9,Humanities,,,
quaternion.family,available,54,6%,10,Mathematics,,,
abaxial.family,available,54,1%,7,Science,,,
fortyfive.family,available,54,5%,10,Mathematics,,,
accursed.family,available,54,3%,8,"Entertainment,Media,Religion",,,
unnatural.family,available,54,4%,9,"Medicine,Science",,,
quadruplet.family,available,54,1%,10,"Healthcare,Medicine,Science",,,
iii.family,available,54,24%,3,Mathematics,,,
deserted.family,available,54,3%,8,"Hospitality,Real Estate",,,
topnotch.family,available,54,18%,8,Business,,,
sise.family,available,54,5%,4,Mathematics,,,
quaternity.family,available,54,4%,10,Mathematics,,,
deuceace.family,available,54,1%,9,Sports,,,
accentual.family,available,54,3%,9,"Arts,Entertainment",,,
adaxial.family,available,54,2%,7,Science,,,
adductive.family,available,54,0%,9,"Engineering,Mathematics,Science",,,
abatable.family,available,54,1%,8,Law,,,
achromatic.family,available,54,4%,10,Science,,,
ternion.family,available,54,3%,7,Mathematics,,,
adjuratory.family,available,54,0%,10,"Law,Politics,Religion",,,
abducens.family,available,54,1%,8,Medicine,,,
abient.family,available,54,1%,6,Science,,,
quintuplet.family,available,54,1%,10,"Healthcare,Medicine,Science",,,
aboral.family,available,54,2%,6,Science,,,
acoustical.family,available,54,4%,10,Science,,,
adducting.family,available,54,1%,9,"Engineering,Mathematics,Science",,,
adpressed.family,available,54,0%,9,"Agriculture,Manufacturing,Retail",,,
admonitory.family,available,54,0%,10,"Business,Education,Healthcare",,,
adducent.family,available,54,1%,8,"Engineering,Mathematics,Science",,,
quatern.family,available,54,2%,7,Mathematics,,,
achy.family,available,54,3%,4,Healthcare,,,
sestet.family,available,53,1%,6,Arts,,,
septet.family,available,53,1%,6,General,,,
xxx.family,available,53,30%,3,"Arts,Entertainment,Media",,,
chagrined.family,available,52,1%,9,Humanities,,,
ninetytwo.family,available,52,4%,10,Mathematics,,,
lxxiv.family,available,52,1%,5,Mathematics,,,
aboulic.family,available,52,1%,7,Medicine,,,
lxxxiii.family,available,52,1%,7,Mathematics,,,
adenoidal.family,available,52,1%,9,"Health and Fitness,Medicine,Science",,,
decumbent.family,available,52,1%,9,"Healthcare,Medicine,Science",,,
lxxvi.family,available,52,1%,5,Mathematics,,,
detestable.family,available,52,1%,10,Humanities,,,
sixtysix.family,available,52,5%,9,Mathematics,,,
xcviii.family,available,52,1%,6,Mathematics,,,
lxxxvi.family,available,52,1%,6,Mathematics,,,
odious.family,available,52,2%,6,"Entertainment,Humanities",,,
tierce.family,available,52,3%,6,General,,,
sixtyfour.family,available,52,4%,10,Mathematics,,,
sixtytwo.family,available,52,3%,9,Mathematics,,,
lxiv.family,available,52,3%,4,Mathematics,,,
lxxxiv.family,available,52,1%,6,Mathematics,,,
sixtyfive.family,available,52,3%,10,Mathematics,,,
lxvii.family,available,52,1%,5,Mathematics,,,
ninetyone.family,available,52,5%,10,Mathematics,,,
ninetysix.family,available,52,4%,10,Mathematics,,,
abusive.family,available,52,3%,7,"Healthcare,Law",,,
xci.family,available,52,4%,3,Mathematics,,,
eightytwo.family,available,52,4%,10,Mathematics,,,
ixc.family,available,52,5%,3,Mathematics,,,
lxxxv.family,available,52,1%,5,Mathematics,,,
lxii.family,available,52,2%,4,Mathematics,,,
xcv.family,available,52,7%,3,Mathematics,,,
lxviii.family,available,52,2%,6,Mathematics,,,
abysmal.family,available,52,4%,7,"Arts,Entertainment,Media",,,
lxxxvii.family,available,52,1%,7,Mathematics,,,
abstruse.family,available,52,5%,8,"Humanities,Mathematics,Science",,,
littlejoe.family,available,52,2%,10,"Entertainment,Media",,,
xcvii.family,available,52,1%,5,Mathematics,,,
lxv.family,available,52,5%,3,Mathematics,,,
lxi.family,available,52,5%,3,Mathematics,,,
lxvi.family,available,52,3%,4,Mathematics,,,
lxxxi.family,available,52,1%,5,Mathematics,,,
lxxii.family,available,52,1%,5,Mathematics,,,
lxxxii.family,available,52,1%,6,Mathematics,,,
repugnant.family,available,52,1%,9,Humanities,,,
lxxv.family,available,52,2%,4,Mathematics,,,
lxxiii.family,available,52,2%,6,Mathematics,,,
lxxi.family,available,52,2%,4,Mathematics,,,
xcii.family,available,52,2%,4,Mathematics,,,
xcvi.family,available,52,2%,4,Mathematics,,,
xciv.family,available,52,2%,4,Mathematics,,,
abominable.family,available,52,2%,10,"Entertainment,Humanities",,,
ablated.family,available,52,1%,7,Science,,,
eightyone.family,available,52,3%,10,Mathematics,,,
lxxvii.family,available,52,2%,6,Mathematics,,,
ixl.family,available,52,9%,3,Mathematics,,,
uphill.family,available,52,7%,6,"Sports,Transportation,Travel",,,
xciii.family,available,52,1%,5,Mathematics,,,
repulsive.family,available,52,1%,9,Humanities,,,
lxiii.family,available,52,2%,5,Mathematics,,,
adhominem.family,available,50,2%,10,"Humanities,Law,Politics",,,
abactinal.family,available,50,0%,9,Science,,,
broached.family,available,50,0%,8,Food and Beverage,,,
gillless.family,available,50,0%,9,Science,,,
acerbic.family,available,50,2%,7,"Arts,Humanities,Media",,,
acetose.family,available,50,1%,7,Science,,,
adactylous.family,available,50,0%,10,Science,,,
cinque.family,available,50,7%,6,Mathematics,,,
scummy.family,available,50,1%,6,Humanities,,,
abranchial.family,available,50,0%,10,Science,,,
acerose.family,available,50,1%,7,Science,,,
aculeated.family,available,50,0%,9,"Engineering,Medicine,Science",,,
acellular.family,available,50,1%,9,Science,,,
acapnotic.family,available,50,0%,9,"Healthcare,Medicine,Science",,,
spinous.family,available,50,1%,7,"Agriculture,Science",,,
vinegary.family,available,50,1%,8,Food and Beverage,,,
trine.family,available,50,11%,5,"General,Religion",,,
acapnic.family,available,50,0%,7,"Healthcare,Medicine,Science",,,
acetous.family,available,50,1%,7,Science,,,
needlelike.family,available,50,0%,10,"Engineering,Medicine,Science",,,
abducting.family,available,50,0%,9,Medicine,,,
abomasal.family,available,50,0%,8,Agriculture,,,
ogdoad.family,available,50,1%,6,Mathematics,,,
lxx.family,available,50,5%,3,Mathematics,,,
abdicable.family,available,50,0%,9,Law,,,
abbatial.family,available,50,0%,8,Religion,,,
acquitted.family,available,50,1%,9,Law,,,
acaudal.family,available,50,1%,7,"Agriculture,Science",,,
acerb.family,available,50,2%,5,Science,,,
aborticide.family,available,50,0%,10,Medicine,,,
abyssal.family,available,48,12%,7,"Arts,Entertainment,Media",,,
ilxx.family,available,48,1%,4,Mathematics,,,
notguilty.family,available,48,5%,10,Law,,,
abstracted.family,available,48,5%,10,"Arts,Humanities,Science",,,
ilxxx.family,available,48,1%,5,Mathematics,,,
lxxxviii.family,available,48,1%,8,Mathematics,,,
execrable.family,available,48,0%,9,"Entertainment,Humanities",,,
acarpous.family,available,46,0%,8,"Agriculture,Science",,,
acephalous.family,available,46,1%,10,Science,,,
acarpelous.family,available,46,0%,10,"Agriculture,Science",,,
acetabular.family,available,46,1%,10,Science,,,
acheronian.family,available,46,1%,10,Humanities,,,
acetylic.family,available,46,1%,8,Science,,,
stemless.family,available,46,2%,8,"Agriculture,Science",,,
achromous.family,available,46,1%,9,Science,,,
achenial.family,available,46,1%,8,Science,,,
acetonic.family,available,46,1%,8,Science,,,
acicular.family,available,46,2%,8,Science,,,
acanthoid.family,available,46,1%,9,"Agriculture,Science",,,
cotyloid.family,available,46,1%,8,Science,,,
acanthous.family,available,46,0%,9,"Agriculture,Science",,,
acanthotic.family,available,46,0%,10,"Agriculture,Science",,,
theabsurd.family,available,46,1%,10,"Arts,Entertainment,Media",,,
vinegarish.family,available,46,1%,10,Food and Beverage,,,
stripling.family,available,46,2%,9,"Education,Entertainment,Healthcare",,,
acetylenic.family,available,46,1%,10,Science,,,
quaternary.family,available,46,3%,10,Mathematics,,,
achromic.family,available,46,2%,8,Science,,,
acapnial.family,available,46,0%,8,"Healthcare,Medicine,Science",,,
acaudate.family,available,46,1%,8,"Agriculture,Science",,,
cotyloidal.family,available,44,1%,10,Science,,,
acherontic.family,available,44,1%,10,Humanities,,,
accusatory.family,available,44,1%,10,Law,,,
abscessed.family,available,41,0%,9,Healthcare,,,
phoebe.family,available,41,14%,6,Science,,,
scurrilous.family,available,40,1%,10,"Entertainment,Media,Politics",,,
accurst.family,available,40,1%,7,Religion,,,
accusive.family,available,40,1%,8,Law,,,